scorer,Frank Ma,Frank Ma,Frank Ma,Frank Ma,Frank Ma,Frank Ma,Frank Ma,Frank Ma,Frank Ma,Frank Ma,Frank Ma,Frank Ma,Frank Ma,Frank Ma,Frank Ma,Frank Ma,Frank Ma,Frank Ma,Frank Ma,Frank Ma,Frank Ma,Frank Ma,Frank Ma,Frank Ma,Frank Ma,Frank Ma,Frank Ma,Frank Ma,Frank Ma,Frank Ma,Frank Ma,Frank Ma,Frank Ma,Frank Ma,Frank Ma,Frank Ma,Frank Ma,Frank Ma,Frank Ma,Frank Ma,Frank Ma,Frank Ma,Frank Ma,Frank Ma,Frank Ma,Frank Ma,Frank Ma,Frank Ma,Frank Ma,Frank Ma,Frank Ma,Frank Ma
bodyparts,C1_Left_1,C1_Left_1,C1_Left_2,C1_Left_2,C1_Left_3,C1_Left_3,C1_Left_4,C1_Left_4,C1_Left_5,C1_Left_5,C1_Right_5,C1_Right_5,C1_Right_4,C1_Right_4,C1_Right_3,C1_Right_3,C1_Right_2,C1_Right_2,C1_Right_1,C1_Right_1,Eye_Left_1,Eye_Left_1,Eye_Left_2,Eye_Left_2,Eye_Left_3,Eye_Left_3,Eye_Left_4,Eye_Left_4,Eye_Left_5,Eye_Left_5,Eye_Left_6,Eye_Left_6,Eye_Right_1,Eye_Right_1,Eye_Right_2,Eye_Right_2,Eye_Right_3,Eye_Right_3,Eye_Right_4,Eye_Right_4,Eye_Right_5,Eye_Right_5,Eye_Right_6,Eye_Right_6,Mid_1,Mid_1,Mid_2,Mid_2,Mid_3,Mid_3,Snout,Snout
coords,x,y,x,y,x,y,x,y,x,y,x,y,x,y,x,y,x,y,x,y,x,y,x,y,x,y,x,y,x,y,x,y,x,y,x,y,x,y,x,y,x,y,x,y,x,y,x,y,x,y,x,y
labeled-data\6400rat\img0138.png,304.8104857726772,708.1508410627263,356.575931457318,650.0467693758845,396.7205628045905,597.2248860242103,446.3731331551643,541.2336896714355,498.13857883980506,482.0731803175603,790.7718126080805,474.6781166483259,863.666011633391,532.7821883351676,927.0522716554001,584.5476340198084,985.1563433422418,641.5952680396166,1054.8812293664519,696.5300267253579,420.7537536621094,63.62476348876953,445.66290283203125,106.48420715332031,478.7774963378906,155.23255920410156,497.3236083984375,204.41732788085938,426.2452392578125,191.96478271484375,392.33770751953125,141.2478790283203,832.528564453125,54.894676208496094,807.5934448242188,99.19869232177734,784.6823120117188,140.74081420898438,758.6577758789062,202.0272674560547,832.8579711914062,177.47308349609375,858.309326171875,124.55558013916016,628.2965698242188,109.90350341796875,629.4522094726562,284.63671875,632.7337036132812,438.254638671875,642.2218017578125,606.6533203125
labeled-data\6400rat\img0144.png,349.18086778808356,711.3201540638267,381.9304354661217,657.441833045119,423.13150448042757,603.5635120264112,452.71175915736524,548.6287533406698,501.30789184090554,495.80686998899563,777.0381229366452,479.96030498349336,837.2550699575538,537.0079390033015,886.9076403081276,591.9426976890428,942.8988366609024,648.990331708851,996.7771576796101,710.2637163967931,420.1305236816406,64.2127685546875,445.8604736328125,106.38821411132812,478.66925048828125,155.20623779296875,498.6761169433594,205.37255859375,426.5442810058594,191.54226684570312,392.2758483886719,141.43154907226562,831.7922973632812,54.63652420043945,806.5960693359375,97.69771575927734,784.4415283203125,141.3612060546875,758.0562133789062,202.15232849121094,832.4984130859375,176.05078125,859.51806640625,124.18850708007812,626.20849609375,116.59727478027344,627.6941528320312,286.06866455078125,633.1537475585938,436.5920715332031,641.9454345703125,607.893798828125
labeled-data\6400rat\img0253.png,132.61114604621915,291.9144002515329,218.18259707593145,316.2124665933031,312.20554944191167,344.7362836032072,407.2849394749253,379.5987266153122,485.46132683540327,402.8403552900489,793.941125609181,391.2195409526806,913.3185819839648,351.0749096054081,1011.567285018079,325.72040559660445,1120.380364722528,300.36590158780075,1201.7260650841063,279.237148247131,422.8810729980469,64.13506317138672,450.13629150390625,105.18212890625,479.8252258300781,153.21939086914062,500.4111633300781,202.79859924316406,425.9312744140625,189.52908325195312,393.6264343261719,136.50820922851562,827.8588256835938,52.1893196105957,802.0075073242188,96.11809539794922,782.8374633789062,137.67269897460938,758.5721435546875,201.61471557617188,834.3021240234375,177.4403839111328,858.3341064453125,118.62936401367188,628.7071533203125,108.80506134033203,629.0548095703125,274.2015380859375,637.089111328125,423.1761779785156,646.364501953125,630.0069580078125
labeled-data\6400rat\img0291.png,142.11908504952052,672.2319603835878,230.8598490803333,603.5635120264112,323.82636377928,562.3624430121052,402.00275113975783,512.7098726615313,500.25145417387205,474.6781166483259,783.319580078125,468.8636169433594,852.7073974609375,532.8798217773438,914.3750196509984,584.5476340198084,974.5919666719069,632.0873290363153,1039.0346643609496,697.5864643923913,424.7039794921875,64.80567932128906,451.6874084472656,106.88218688964844,480.99090576171875,152.071533203125,503.1233825683594,206.42674255371094,426.1144714355469,190.66514587402344,394.5068664550781,140.81924438476562,826.451904296875,52.187896728515625,800.6764526367188,95.90071105957031,783.1452026367188,138.6694793701172,758.8631591796875,205.61065673828125,835.2551879882812,175.11431884765625,859.8659057617188,117.7862548828125,629.77490234375,109.80642700195312,631.4102172851562,274.7563171386719,639.6831665039062,432.11029052734375,645.6239013671875,639.7750244140625
labeled-data\6400rat\img0320.png,212.90040874076405,692.3042760572239,273.1173557616727,647.9338940418176,343.8986794529162,583.491196352775,421.0186291463606,525.3871246659332,494.9692658387046,473.6216789812924,793.941125609181,449.32361263952225,911.2057066498978,487.35536865272775,999.9464706807107,530.6693130011006,1081.292171042289,563.4188806791387,1167.9200597390347,608.8457003615786,422.6757507324219,64.7984619140625,450.13787841796875,104.63825988769531,479.4903259277344,150.16651916503906,503.1963195800781,207.1309356689453,426.0760192871094,189.955810546875,393.4840087890625,140.8168182373047,825.1680908203125,51.04308319091797,800.392822265625,93.61656188964844,782.7550659179688,136.6069793701172,757.8409423828125,203.11160278320312,834.706298828125,174.73033142089844,857.9826049804688,117.56181335449219,625.1302490234375,110.33358001708984,628.7427978515625,271.13385009765625,638.0784912109375,432.0187072753906,645.0171508789062,638.7615356445312
labeled-data\6400rat\img0366.png,113.5952680396164,679.6270240528221,207.6182204055966,624.6922653670808,298.47185977047627,562.3624430121052,413.46966552734375,507.581787109375,499.19501650683856,464.11373997799103,785.5350952148438,456.5615234375,868.6624755859375,503.25933837890625,945.05322265625,552.720458984375,1016.8494733532464,600.3941990253107,1099.2516113818583,662.7240213802863,422.80810546875,64.27790832519531,449.6822814941406,105.11832427978516,480.00152587890625,150.3104248046875,501.9983215332031,206.31874084472656,424.8849792480469,189.756103515625,392.2469787597656,138.7898712158203,824.955810546875,50.44873046875,799.3705444335938,94.08817291259766,781.9014282226562,137.7534942626953,757.7681884765625,203.87818908691406,838.3115076245874,185.21419588115089,872.117512969659,117.60218519100772,629.2982177734375,106.12831115722656,628.7171630859375,271.03106689453125,635.8045654296875,435.4111633300781,642.4559936523438,635.545654296875
labeled-data\6400rat\img0456.png,110.42595503851592,462.0008646439241,211.84397107373056,440.87211130325437,300.58473510454326,434.5334853010535,408.3413771419588,425.0255462977521,486.51776450243676,425.0255462977521,800.2797516113819,419.74335796258464,880.5690143059269,420.79979562961813,968.2533406697062,428.1948592988525,1069.6713567049208,435.58992296808697,1156.2992454016664,451.43648797358924,424.18794214746106,63.723864172299955,452.71175915736524,104.92493318660593,480.1791385002358,152.46462820311274,493.9128281716711,203.17363622072014,426.30081748152804,189.43994654928474,392.4948121364565,135.56162553057698,830.9164439553529,51.04661216789816,803.4490646124823,94.36055651627112,783.3767489388462,136.61806319761047,762.2479955981764,203.17363622072014,838.3115076245874,175.70625687784946,861.553136299324,116.54574752397423,634.4190378871247,107.03780852067291,631.2497248860242,292.9708379185664,635.4754755541582,444.04142430435485,642.8705392233926,605.6763873604781
labeled-data\6400rat\img0521.png,165.36071372425718,664.8368967143533,253.04504008803647,607.7892626945451,329.10855211444743,558.1366923439713,413.62356547712625,512.7098726615313,490.7435151705706,467.2830529790915,789.715374941047,464.11373997799103,880.5690143059269,508.4841219933975,951.3503379971703,551.7980663417704,1017.90591102028,594.0555730231098,1087.63079704449,642.6517057066501,426.30081748152804,61.610988838233084,453.7681968243986,102.81205785253894,483.3484515013363,147.1824398679454,509.75939317717337,205.28651155478713,427.35725514856153,189.43994654928474,396.7205628045905,142.95668919981142,834.0857569564535,47.877299166797684,811.9005659487502,91.19124351517064,791.828250275114,141.90025153277793,763.3044332652099,204.23007388775363,841.4808206256878,173.59338154378247,870.004637635592,119.7150605250747,634.4190378871247,105.98137085363942,635.4754755541582,272.8985222449302,643.9269768904261,441.92854897028786,651.3220405596604,645.8210187077506
labeled-data\6400rat\img0533.png,76.6199496934444,414.46116962741723,183.32015406382644,421.8562332966516,272.0609180946392,415.5176072944507,380.8739977990882,415.5176072944507,486.51776450243676,431.364172299953,796.3951416015625,436.9731750488281,914.3750196509984,429.251296965886,1012.6237226851124,436.6463606351204,1105.5902373840593,446.1542996384218,1211.2340040874078,456.71867630875664,424.6273498535156,61.00886917114258,452.4676818847656,104.4296646118164,482.1145935058594,150.0225372314453,503.9031066894531,204.06190490722656,426.0617370605469,188.21763610839844,393.6692199707031,138.5733184814453,833.6809692382812,49.408443450927734,810.4196166992188,90.82588195800781,788.8003540039062,139.61521911621094,761.0768432617188,203.49671936035156,844.6501336267884,178.87556987894993,874.2303883037259,128.16656186134264,632.4061279296875,108.3888931274414,634.5174560546875,275.4732360839844,641.0733642578125,438.2864990234375,650.3336791992188,644.1404418945312
labeled-data\6400rat\img0673.png,136.83689671435306,590.8862600220093,224.52122307813235,550.7416286747368,307.9797987737777,520.1049363307658,407.2849394749253,485.24249331866076,502.36432950793903,454.60580097468966,800.2797516113819,440.87211130325437,903.8106429806635,460.9444269768906,998.8900330136771,489.46824398679473,1096.0822983807577,517.9920609966988,1175.3151234082693,546.5158780066029,440.03450715296333,62.66742650526646,470.6711994969345,107.03780852067291,493.9128281716711,150.35175286904587,519.2673321804748,207.399386888854,436.86519415186285,185.21419588115089,405.1720641408583,123.94081119320867,852.0451972960227,49.99017450086467,828.8035686212859,91.19124351517064,806.6183776135829,134.50518786354348,775.9816852696117,202.11719855368665,852.0451972960227,178.87556987894993,881.6254519729603,126.05368652727566,647.0962898915265,115.48930985694085,650.2656028926269,282.4064612482315,657.6606665618614,426.0819839647856,662.9428548970288,644.7645810407171
labeled-data\6400rat\img0770.png,119.9338940418173,490.52468165382817,227.69053607923283,467.2830529790915,326.99567678038045,445.09786197138834,413.62356547712625,433.47704763402,499.19501650683856,422.9126709636851,807.6748152806163,433.47704763402,905.9235183147305,459.8879893098571,1009.454409684012,486.29893098569426,1098.1951737148247,515.8791856626319,1183.766624744537,550.7416286747368,440.03450715296333,69.00605250746742,467.501886495834,103.86849551957243,487.57420216947025,150.35175286904587,510.81583084420686,193.6656972174187,449.54244615626476,180.98844521301692,422.0750668133941,127.11012419430915,860.4966986322906,72.1753655085679,837.2550699575538,107.03780852067291,815.0698789498506,138.73093853167745,784.4331866058797,187.32707121521787,844.6501336267884,171.4805062097155,870.004637635592,134.50518786354348,648.15272755856,124.99724886024217,649.2091652255934,266.5598962427292,652.3784782266939,406.00966829114935,655.5477912277944,599.3377613582772
labeled-data\6400rat\img0784.png,125.21608237698476,647.9338940418176,216.06972174186447,591.9426976890428,305.8669234397107,541.2336896714355,398.83343813865747,489.46824398679473,503.4207671749725,436.6463606351204,801.3361892784154,460.9444269768906,881.6254519729603,521.1613739977993,975.6484043389405,578.2090080176075,1051.7119163653515,645.8210187077506,1124.606115390662,706.0379657286593,439.1857604980469,67.21365356445312,463.713623046875,105.62583923339844,488.3940124511719,150.247314453125,509.15057373046875,197.0046844482422,448.13470458984375,181.38687133789062,420.4986267089844,130.0318603515625,856.788818359375,69.03545379638672,830.7406005859375,108.85015106201172,809.5968017578125,141.92543029785156,780.9334716796875,188.646484375,844.6501336267884,179.93200754598342,877.3997013048263,129.22299952837614,643.8699340820312,125.83289337158203,646.937255859375,266.2449951171875,649.2957763671875,407.1205139160156,653.0953369140625,596.3705444335938
labeled-data\6400rat\img0838.png,113.5952680396164,535.951501336268,216.06972174186447,496.8633076560291,314.31842477597854,474.6781166483259,413.62356547712625,446.1542996384218,510.81583084420686,429.251296965886,803.4490646124823,440.87211130325437,896.4155793114292,484.18605565162727,987.2692186763088,531.7257506681342,1069.6713567049208,579.265445684641,1149.9606193994655,628.9180160352148,442.1473824870303,63.723864172299955,470.6711994969345,107.03780852067291,497.08214117277157,155.63394120421322,518.2108945134413,204.23007388775363,446.3731331551643,186.27063354818438,413.62356547712625,126.05368652727566,858.3838232982237,55.27236283603213,829.8600062883195,101.75562018550545,806.6183776135829,144.0131268668449,784.4331866058797,194.7221348844522,854.1580726300897,175.70625687784946,881.6254519729603,126.05368652727566,644.9834145574596,129.22299952837614,649.2091652255934,277.12427291306415,651.3220405596604,414.46116962741723,659.7735418959284,607.7892626945451
labeled-data\6400rat\img0847.png,129.44183304511867,639.4823927055497,237.1984750825342,582.4347586857415,322.7699261122465,534.8950636692346,409.3978148089923,485.24249331866076,508.7029555101399,438.7592359691874,797.1104386102814,450.38005030655575,889.0205156421946,503.20193365823,967.1969030026726,558.1366923439713,1042.20397736205,617.2972016978465,1116.154614054394,670.1190850495208,440.8136901855469,62.879486083984375,469.19146728515625,106.7132339477539,496.56182861328125,154.94671630859375,517.4158935546875,204.5121612548828,445.98455810546875,186.3244171142578,412.31817626953125,126.27494049072266,856.6453247070312,54.741451263427734,828.0172119140625,100.58026123046875,804.6336059570312,144.00155639648438,782.9505004882812,194.63453674316406,852.566650390625,175.40985107421875,880.0812377929688,125.40289306640625,643.2172241210938,129.7639617919922,648.190673828125,275.8822937011719,650.8836669921875,413.7232666015625,658.6157836914062,608.2636108398438
labeled-data\6400rat\img0904.png,84.01501336267879,425.0255462977521,181.20727872975945,418.68692029555115,279.45598176387364,414.46116962741723,389.32549913535604,420.79979562961813,503.4207671749725,415.5176072944507,805.5619399465493,428.1948592988525,925.9958339883667,423.9691086307186,1017.90591102028,434.5334853010535,1109.815988052193,451.43648797358924,1189.0488130797046,464.11373997799103,442.69281005859375,62.147281646728516,471.4096984863281,105.4971923828125,497.4718017578125,152.46937561035156,517.7518920898438,200.03956604003906,445.52508544921875,185.00225830078125,413.0461730957031,126.89414978027344,856.6802978515625,54.71666717529297,830.283447265625,101.61128997802734,811.3026733398438,142.02716064453125,782.5049438476562,195.18589782714844,854.9277954101562,174.4682159423828,882.0514526367188,124.0040054321289,647.928466796875,123.2164306640625,651.4990844726562,273.4883117675781,650.7799682617188,414.7834167480469,653.0748291015625,618.0679321289062
labeled-data\6400rat\img0954.png,115.70814337368338,335.2283445999058,210.78753340669707,346.8491589372741,300.58473510454326,363.75216160980995,395.664125137557,379.5987266153122,492.8563905046376,401.7839176230154,808.7312529476499,400.7274799559819,915.4314573180318,383.82447728344613,1009.454409684012,373.2601006131113,1107.7031127181262,363.75216160980995,1203.8389404181733,359.526410941676,443.2038201540638,59.4981135041661,470.6711994969345,101.75562018550545,494.9692658387046,146.1260022009119,518.2108945134413,200.00432321961966,438.97806948592984,178.87556987894993,411.51069014305926,126.05368652727566,859.440260965257,53.159487501965145,830.9164439553529,102.81205785253894,812.9570036157836,140.84381386574444,782.3203112718127,192.60925955038522,857.32738563119,174.64981921081596,885.8512026410942,119.7150605250747,651.3220405596604,120.7714981921082,654.4913535607609,255.99551957239441,655.5477912277944,403.89679295708237,657.6606665618614,621.5229523659805
labeled-data\6400rat\img1033.png,109.36951737148243,400.7274799559819,203.39246973746268,396.501729287848,294.2461091023424,397.5581669548815,404.1156264738248,401.7839176230154,503.4207671749725,414.46116962741723,807.6748152806163,416.5740449614842,918.6007703191322,411.29185662631676,1017.90591102028,411.29185662631676,1109.815988052193,416.5740449614842,1186.9359377456376,422.9126709636851,444.2602578210973,60.55455117119959,477.00982549913533,103.86849551957243,499.19501650683856,150.35175286904587,518.2108945134413,195.7785725514857,441.0909448199968,183.1013205470839,413.62356547712625,122.88437352617518,853.1016349630561,53.159487501965145,829.8600062883195,98.58630718440497,812.9570036157836,141.90025153277793,784.4331866058797,195.7785725514857,858.3838232982237,176.76269454488295,885.8512026410942,119.7150605250747,652.3784782266939,121.82793585914169,653.4349158937274,280.2935859141645,655.5477912277944,419.74335796258464,658.7171042288949,628.9180160352148
labeled-data\6400rat\img1141.png,70.2813236912435,515.8791856626319,179.09440339569247,495.80686998899563,297.4154221034428,469.3959283131585,413.62356547712625,449.32361263952225,512.672607421875,430.8169860839844,798.2769775390625,435.7142333984375,911.2057066498978,459.8879893098571,1018.9623486873134,489.46824398679473,1109.815988052193,512.7098726615313,1208.0646910863072,556.0238170099043,442.1473824870303,88.02193051407016,462.21969816066655,118.65862285804121,482.2920138343028,157.7468165382802,509.23468017578125,192.9114990234375,454.0577087402344,184.96649169921875,425.5430908203125,128.3281707763672,871.0610753026253,73.23180317560139,853.1016349630561,113.37643452287386,830.9164439553529,149.29531520201238,788.5093383789062,186.37265014648438,847.177490234375,170.02281188964844,872.117512969659,135.56162553057698,648.9138793945312,125.55485534667969,651.4983520507812,271.5436706542969,654.224609375,407.257568359375,656.70263671875,616.5675048828125
labeled-data\6400rat\img1272.png,63.9426976890426,455.66223864172315,169.58646439239115,444.04142430435485,286.85104543310797,421.8562332966516,395.664125137557,425.0255462977521,506.0190124511719,425.8955383300781,805.0779418945312,426.4462585449219,920.7136456531991,418.68692029555115,1022.1316616884137,423.9691086307186,1126.7189907247289,436.6463606351204,1222.854818424776,444.04142430435485,441.56085205078125,61.22586441040039,469.29290771484375,104.19915771484375,496.48748779296875,150.8878936767578,516.8501586914062,199.74598693847656,444.6372375488281,184.42933654785156,412.17236328125,126.2901382446289,857.640380859375,53.6583251953125,831.4046020507812,99.90928649902344,809.35888671875,142.62002563476562,783.620361328125,192.04847717285156,863.666011633391,174.64981921081596,885.8512026410942,131.33587486244312,649.7886352539062,124.3637924194336,651.8116455078125,276.0910949707031,654.7650146484375,414.9211120605469,657.7244262695312,618.4974365234375
labeled-data\6400rat\img1285.png,84.01501336267879,354.2442226065086,189.65878006602733,363.75216160980995,298.47185977047627,371.14722527904433,394.6076874705235,384.8809149504796,497.08214117277157,403.89679295708237,811.9005659487502,378.5422889482787,913.3185819839648,347.9055966043076,1096.0822983807577,299.30946392076726,1007.341534349945,321.4946549284705,1191.1616884137716,281.350023581198,441.1776123046875,60.815086364746094,470.5708923339844,105.64579010009766,495.285888671875,149.4705352783203,515.3065795898438,198.52122497558594,442.90118408203125,182.08209228515625,412.69073486328125,128.09512329101562,858.1085205078125,52.6489143371582,834.0857569564535,101.75562018550545,810.8441282817168,146.1260022009119,785.3587036132812,190.6787109375,857.32738563119,173.59338154378247,884.7947649740606,127.11012419430915,652.2206420898438,120.98641967773438,651.33447265625,270.0439147949219,654.2221069335938,401.2302551269531,662.9293212890625,608.6353759765625
labeled-data\6400rat\img1289.png,78.73282502751138,355.300660273542,194.9409684011948,357.413535607609,303.75404810564373,369.03434994497735,395.664125137557,383.82447728344613,502.36432950793903,403.89679295708237,810.8441282817168,394.388853953781,917.5443326520988,370.09078761201084,1010.5108473510454,352.1313472724416,1115.0981763873606,339.45409526803974,1200.669627417073,329.94615626473836,440.598388671875,59.771568298339844,470.5968322753906,104.37227630615234,496.3704528808594,149.0657501220703,515.1055297851562,197.9949493408203,444.01336669921875,182.29476928710938,412.51806640625,126.9775619506836,858.8181762695312,53.572696685791016,833.3259887695312,99.96125030517578,810.4891967773438,141.92031860351562,785.07568359375,191.0454559326172,856.2709479641567,177.81913221191644,886.9076403081276,123.94081119320867,649.132080078125,121.05412292480469,649.7723388671875,265.27886962890625,654.0035400390625,393.7375793457031,664.2514038085938,605.52978515625
labeled-data\6400rat\img1321.png,101.97445370224804,479.96030498349336,199.1667190693287,460.9444269768906,298.47185977047627,446.1542996384218,400.94631347272446,433.47704763402,503.4207671749725,423.9691086307186,810.8441282817168,432.4206099669865,905.9235183147305,451.43648797358924,1001.0029083477441,470.452365980192,1090.8001100455904,496.8633076560291,1182.7101870775036,522.2178116648328,439.80859375,60.19338607788086,470.29962158203125,103.73548126220703,496.3154602050781,149.2477569580078,515.60546875,198.92356872558594,441.871337890625,183.28134155273438,411.03631591796875,126.51175689697266,857.1611938476562,52.33171844482422,832.4879150390625,99.58509063720703,811.6077880859375,141.71749877929688,783.2774658203125,191.26629638671875,856.2709479641567,172.53694387674898,885.8512026410942,121.82793585914169,648.5822143554688,124.0381851196289,648.8941040039062,267.9288330078125,653.7026977539062,404.4312438964844,660.7188110351562,603.90478515625
labeled-data\6400rat\img1334.png,150.5705863857884,613.0714510297125,254.10147775506996,562.3624430121052,348.1244301210502,514.8227479955983,413.62356547712625,483.1296179845938,506.5900801760729,439.8156736362209,805.5619399465493,447.21073730545527,893.2462663103286,481.01674265052685,987.2692186763088,530.6693130011006,1060.1634177016192,572.92681968244,1130.0179443359375,612.2286987304688,441.3415222167969,59.22751998901367,472.49261474609375,105.94469451904297,497.0266418457031,150.140869140625,517.7860107421875,199.56922912597656,443.8076477050781,184.635986328125,411.84954833984375,128.9571990966797,858.9151611328125,52.737735748291016,833.2319946289062,100.96045684814453,812.8192749023438,142.9300537109375,784.416015625,193.30943298339844,858.5900268554688,173.6011505126953,884.615234375,123.65962982177734,649.7440185546875,127.03850555419922,651.641357421875,275.3345642089844,653.4099731445312,411.95770263671875,659.6454467773438,611.3092651367188
labeled-data\6400rat\img1577.png,69.22488602421001,429.251296965886,174.86865272755855,418.68692029555115,291.07679610124194,411.29185662631676,396.7205628045905,411.29185662631676,501.30789184090554,414.46116962741723,810.8441282817168,429.251296965886,905.9235183147305,425.0255462977521,1016.8494733532464,433.47704763402,1119.3239270554946,447.21073730545527,1209.1211287533408,459.8879893098571,440.2938537597656,64.77237701416016,468.24908447265625,108.31463623046875,494.2341003417969,151.20538330078125,516.465087890625,197.5478057861328,449.8171691894531,183.38658142089844,419.3306579589844,133.05825805664062,862.8326416015625,62.79224395751953,837.0261840820312,103.88465118408203,812.5745239257812,142.13162231445312,784.387451171875,189.10740661621094,853.015380859375,172.81680297851562,875.6661987304688,130.76370239257812,647.6751098632812,123.99694061279297,651.0352783203125,274.2444152832031,652.2789306640625,419.46954345703125,654.817626953125,605.664306640625
labeled-data\6400rat\img1743.png,128.38539537808518,565.5317560132057,230.8598490803333,530.6693130011006,324.88280144631347,498.9761829900961,411.51069014305926,466.226615312058,503.4207671749725,441.92854897028786,820.3520672850182,429.251296965886,912.2621443169314,442.98498663732136,1011.567285018079,465.1701776450245,1089.743672378557,491.58111932086166,1182.7101870775036,520.1049363307658,443.6490173339844,60.19701385498047,472.28521728515625,106.03409576416016,497.02349853515625,150.30067443847656,517.4833984375,201.2623291015625,447.4756164550781,184.53868103027344,414.8327331542969,129.7329559326172,859.4644775390625,54.10725402832031,835.796142578125,97.31891632080078,815.067626953125,139.43255615234375,783.7388916015625,192.44252014160156,858.7984008789062,173.49246215820312,883.6487426757812,123.3305892944336,649.9203491210938,120.15143585205078,652.0718994140625,265.8486633300781,655.2503662109375,402.7454833984375,660.9743041992188,601.7138671875
labeled-data\6400rat\img1767.png,251.98860242100298,698.6429020594248,316.4313001100455,637.3695173714827,382.9868731331552,576.0961326835405,447.4295708221978,520.1049363307658,510.81583084420686,468.339490646125,807.6748152806163,451.43648797358924,892.1898286432952,501.08905832416303,959.8018393334382,544.403002672536,1026.3574123565477,585.604071686842,1099.2516113818583,637.3695173714827,447.4295708221978,61.610988838233084,478.0662631661688,109.1506838547399,505.5336425090395,155.63394120421322,521.3802075145418,200.00432321961966,452.71175915736524,185.21419588115089,416.7928784782267,130.27943719540963,858.3838232982237,54.21592516899864,836.1986322905204,97.5298695173716,817.1827542839176,138.73093853167745,785.489624272913,190.49638421631823,861.553136299324,172.53694387674898,885.8512026410942,122.88437352617518,656.6042288948279,119.7150605250747,654.4913535607609,269.7292092438297,659.7735418959284,413.40473196038374,662.9428548970288,610.9585756956455
labeled-data\6400rat\img1876.png,79.78926269454487,429.251296965886,185.43302939789342,420.79979562961813,292.13323376827543,418.68692029555115,395.664125137557,418.68692029555115,503.4207671749725,421.8562332966516,810.2775268554688,421.0513916015625,911.2057066498978,413.40473196038374,1011.567285018079,403.89679295708237,1123.5496777236285,417.6304826285177,1224.967693758843,426.0819839647856,443.3885803222656,63.73906707763672,470.56781005859375,111.0990219116211,494.1853942871094,152.23190307617188,517.286376953125,196.72557067871094,448.9104919433594,183.36477661132812,420.4847717285156,133.33470153808594,867.9241333007812,66.47755432128906,838.985107421875,109.76798248291016,815.614501953125,146.56492614746094,787.738525390625,187.7884063720703,857.837890625,172.25527954101562,876.377685546875,133.451171875,648.9378662109375,121.84536743164062,652.793212890625,268.5534362792969,655.023193359375,406.3324279785156,659.62255859375,606.9921264648438
labeled-data\6400rat\img1948.png,119.9338940418173,575.039695016507,220.29547240999844,534.8950636692346,313.26198710894516,503.20193365823,400.94631347272446,472.5652413142589,508.7029555101399,436.6463606351204,814.0134412828172,434.5334853010535,916.4878949850652,451.43648797358924,1002.0593460147777,471.5088036472255,1080.2357333752554,492.63755698789515,1172.1458104071687,515.8791856626319,442.1473824870303,97.5298695173716,462.21969816066655,129.22299952837614,487.57420216947025,157.7468165382802,517.1544568464078,185.21419588115089,473.84051249803485,169.36763087564862,457.9939474925326,147.1824398679454,870.004637635592,94.36055651627112,853.1016349630561,124.99724886024217,829.8600062883195,149.29531520201238,798.1668762773149,178.87556987894993,844.6501336267884,159.85969187234718,859.440260965257,132.3923125294766,650.2656028926269,136.61806319761047,653.4349158937274,282.4064612482315,658.7171042288949,413.40473196038374,663.9992925640622,626.8051407011478
labeled-data\6400rat\img1995.png,95.63582770004714,494.75043232196214,192.8280930671278,481.01674265052685,300.58473510454326,451.43648797358924,395.664125137557,445.09786197138834,504.7318115234375,435.90118408203125,810.3716430664062,432.1576232910156,917.5443326520988,426.0819839647856,1024.2445370224807,438.7592359691874,1123.5496777236285,454.60580097468966,1221.7983807577425,469.3959283131585,443.4216003417969,64.66419982910156,469.2388610839844,107.31079864501953,495.693115234375,151.7255096435547,518.4065551757812,199.47727966308594,449.7437744140625,183.90765380859375,421.0809631347656,132.47265625,865.1354370117188,63.64034652709961,837.5730590820312,106.29353332519531,812.8363037109375,143.2848358154297,783.39111328125,189.42625427246094,854.06640625,173.95428466796875,878.2197875976562,131.38458251953125,650.2750854492188,123.81021118164062,650.7051391601562,271.1990966796875,653.336181640625,414.33099365234375,657.1343383789062,608.3281860351562
labeled-data\6400rat\img2132.png,115.70814337368338,580.3218833516745,218.18259707593145,537.0079390033015,324.88280144631347,501.08905832416303,409.3978148089923,470.452365980192,499.19501650683856,442.98498663732136,801.3361892784154,440.87211130325437,898.5284546454961,479.96030498349336,996.7771576796101,528.5564376670336,1082.3486087093224,576.0961326835405,1166.8636220720014,623.6358277000473,441.92828369140625,64.16999816894531,468.9830017089844,107.69227600097656,493.73333740234375,150.59275817871094,518.3840942382812,199.1396484375,446.1607360839844,185.07333374023438,415.42474365234375,130.28616333007812,863.8484497070312,57.38506317138672,836.8511962890625,101.82212829589844,810.463623046875,146.02272033691406,782.3485107421875,193.16281127929688,856.1747436523438,175.55165100097656,880.0565185546875,131.92820739746094,651.8478393554688,126.74237060546875,651.4513549804688,276.126708984375,653.1385498046875,419.48284912109375,658.7223510742188,629.537109375
labeled-data\6400rat\img2268.png,84.01501336267879,471.5088036472255,181.20727872975945,451.43648797358924,305.8669234397107,429.251296965886,404.1156264738248,422.9126709636851,503.98260498046875,422.66949462890625,807.6534423828125,428.51666259765625,915.7869873046875,437.6075134277344,1022.1316616884137,440.87211130325437,1123.5496777236285,460.9444269768906,1230.2498820940104,481.01674265052685,442.1987609863281,63.59461975097656,470.2063293457031,107.10142517089844,494.11688232421875,148.119140625,517.70947265625,200.8319549560547,448.7142333984375,185.56863403320312,417.3422546386719,130.3295135498047,861.4396362304688,56.26569747924805,835.4083251953125,99.56143951416016,810.1549682617188,141.4158477783203,783.1024780273438,193.5120849609375,855.1568603515625,174.8004150390625,881.6177368164062,126.00702667236328,645.9749755859375,117.63028717041016,648.6713256835938,262.88873291015625,650.8361206054688,406.3772888183594,656.7491455078125,602.5231323242188
labeled-data\6400rat\img2481.png,154.79633705392231,637.3695173714827,238.2549127495677,588.7733846879423,315.37486244301203,540.177252004402,413.62356547712625,495.80686998899563,505.5336425090395,452.49292564062273,812.9570036157836,444.04142430435485,904.8670806476969,471.5088036472255,988.3256563433422,498.9761829900961,1060.1634177016192,526.4435623329667,1141.5091180631978,556.0238170099043,442.1473824870303,60.55455117119959,472.78407483100136,109.1506838547399,500.25145417387205,153.52106587014623,521.3802075145418,202.11719855368665,446.3731331551643,187.32707121521787,413.62356547712625,132.3923125294766,862.6095739663576,54.21592516899864,830.9164439553529,102.81205785253894,808.7312529476499,147.1824398679454,784.4331866058797,198.94788555258617,859.440260965257,176.76269454488295,886.9076403081276,129.22299952837614,651.3220405596604,122.88437352617518,650.2656028926269,275.01139757899716,652.3784782266939,428.1948592988525,658.7171042288949,632.0873290363153
labeled-data\6400rat\img2725.png,179.09440339569247,666.9497720484203,272.0609180946392,602.5070743593776,350.23730545511705,545.4594403395695,425.24437981449455,496.8633076560291,503.4207671749725,451.43648797358924,801.4400024414062,460.8566589355469,878.456787109375,517.638427734375,944.3756103515625,573.6868286132812,1003.1157836818111,620.4665146989469,1066.5020437038202,672.2319603835878,441.137451171875,62.022979736328125,467.5162048339844,104.31523895263672,492.04486083984375,148.69175720214844,517.356201171875,200.48748779296875,443.8516540527344,185.12303161621094,412.2881774902344,126.75825500488281,864.08837890625,57.66246032714844,835.953369140625,101.72154235839844,810.4661254882812,143.66574096679688,782.1431884765625,192.6097412109375,855.8779907226562,174.70497131347656,881.7824096679688,127.67792510986328,650.0883178710938,125.45724487304688,650.7534790039062,274.6644287109375,651.04638671875,421.56793212890625,655.4196166992188,625.2058715820312
labeled-data\6400rat\img2745.png,101.97445370224804,427.1384216318191,213.95684640779749,416.5740449614842,312.20554944191167,413.40473196038374,405.1720641408583,413.40473196038374,499.19501650683856,417.6304826285177,810.8441282817168,414.46116962741723,925.9958339883667,401.7839176230154,1022.1316616884137,398.61460462191496,1105.5902373840593,399.67104228894846,1186.9359377456376,402.8403552900489,441.0909448199968,62.66742650526646,471.72763716396787,100.69918251847196,491.7999528376041,145.0695645338784,519.2673321804748,202.11719855368665,443.2038201540638,185.21419588115089,413.62356547712625,123.94081119320867,863.666011633391,58.44167583713261,840.4243829586544,100.69918251847196,815.0698789498506,141.90025153277793,785.489624272913,188.38350888225136,855.2145102971231,179.93200754598342,885.8512026410942,126.05368652727566,649.2091652255934,117.60218519100772,650.2656028926269,272.8985222449302,651.3220405596604,414.46116962741723,660.8299795629619,617.2972016978465
labeled-data\6400rat\img2752.png,99.86157836818111,493.69399465492864,206.5617827385631,471.5088036472255,313.26198710894516,455.66223864172315,405.1720641408583,444.04142430435485,501.30789184090554,432.4206099669865,809.7876906146832,430.3077346329195,920.7136456531991,431.364172299953,1016.8494733532464,442.98498663732136,1110.8724257192266,455.66223864172315,1199.6131897500393,468.339490646125,443.2038201540638,61.610988838233084,472.78407483100136,109.1506838547399,494.9692658387046,149.29531520201238,517.1544568464078,200.00432321961966,443.2038201540638,182.0448828800504,415.73644081119323,134.50518786354348,863.666011633391,60.55455117119959,835.1421946234868,107.03780852067291,815.0698789498506,145.0695645338784,783.3767489388462,188.38350888225136,850.9887596289891,180.98844521301692,882.6818896399936,132.3923125294766,653.4349158937274,118.65862285804121,650.2656028926269,271.8420845778967,655.5477912277944,414.46116962741723,655.5477912277944,620.4665146989469
labeled-data\6400rat\img2782.png,104.08732903631503,498.9761829900961,213.94967651367188,481.96807861328125,320.5227355957031,455.97979736328125,413.62356547712625,442.98498663732136,502.36432950793903,428.1948592988525,809.0232543945312,437.46728515625,904.8670806476969,434.5334853010535,986.2127810092752,447.21073730545527,1079.179295708222,468.339490646125,1175.3151234082693,485.24249331866076,440.2535400390625,60.168312072753906,467.77349853515625,105.0628890991211,493.75628662109375,148.87319946289062,517.4639892578125,198.83213806152344,443.3157043457031,185.5048065185547,410.1968688964844,126.35700988769531,864.1248168945312,55.526851654052734,836.674560546875,98.56014251708984,811.8591918945312,141.43690490722656,782.6497802734375,191.0126953125,856.7867431640625,174.58241271972656,882.37744140625,129.10018920898438,650.6622314453125,121.93341827392578,649.213623046875,271.7996826171875,653.4742431640625,417.8039855957031,657.953857421875,616.6593017578125
labeled-data\6400rat\img2810.png,118.8774563747838,566.5881936802391,210.78753340669707,534.8950636692346,315.37486244301203,500.03262065712954,411.51069014305926,468.339490646125,500.25145417387205,441.92854897028786,801.3361892784154,460.9444269768906,893.2462663103286,512.7098726615313,962.9711523345386,552.8545040088038,1042.20397736205,601.4506366923442,1112.9853010532936,658.4982707121524,443.2038201540638,55.27236283603213,471.72763716396787,105.98137085363942,498.13857883980506,150.35175286904587,518.2108945134413,196.8350102185192,446.3731331551643,185.21419588115089,410.4542524760258,129.22299952837614,864.7224493004244,55.27236283603213,836.1986322905204,95.41699418330461,811.9005659487502,142.95668919981142,782.3203112718127,195.7785725514857,858.3838232982237,175.70625687784946,883.7383273070272,132.3923125294766,649.2091652255934,127.11012419430915,652.3784782266939,283.462898915265,655.5477912277944,421.8562332966516,658.7171042288949,631.0308913692818
labeled-data\6400rat\img2900.png,129.44183304511867,528.5564376670336,228.74697374626632,511.6534349944979,315.37486244301203,486.29893098569426,394.6076874705235,467.2830529790915,503.4207671749725,434.5334853010535,809.164306640625,441.15216064453125,911.2057066498978,449.32361263952225,994.6642823455431,469.3959283131585,1103.4773620499923,490.52468165382817,1199.6131897500393,525.3871246659332,439.88885498046875,60.45265579223633,468.88836669921875,104.47222137451172,494.0866394042969,150.1402587890625,516.5018920898438,197.84832763671875,443.44842529296875,185.15679931640625,410.4098815917969,126.74678039550781,862.2254028320312,55.761226654052734,833.6680908203125,101.60530090332031,808.642822265625,144.91400146484375,781.48583984375,194.14697265625,855.9889526367188,176.2232666015625,882.9813232421875,127.24555206298828,647.908447265625,124.72120666503906,650.9437866210938,277.5003967285156,653.38720703125,424.2643127441406,657.4981689453125,630.2898559570312
labeled-data\6400rat\img3117.png,72.39419902531048,410.23541895928327,174.86865272755855,403.89679295708237,275.23023109573967,401.7839176230154,375.59180946392075,408.12254362521634,499.19501650683856,417.6304826285177,812.9570036157836,426.0819839647856,911.2057066498978,426.0819839647856,1007.341534349945,433.47704763402,1112.9853010532936,446.1542996384218,1207.0082534192738,464.11373997799103,439.5451965332031,61.570560455322266,467.16876220703125,107.27051544189453,492.41949462890625,150.98089599609375,517.2838134765625,200.11734008789062,444.7813415527344,184.88999938964844,412.5751647949219,128.7662353515625,862.7806396484375,59.416996002197266,834.4677124023438,102.4392318725586,807.9148559570312,143.78738403320312,779.0077514648438,192.72621154785156,853.88330078125,174.84983825683594,879.2028198242188,129.87107849121094,649.168212890625,126.30093383789062,650.298095703125,276.34857177734375,650.1624755859375,423.0299377441406,654.786865234375,623.6233520507812
labeled-data\6400rat\img3263.png,117.82101870775031,474.6781166483259,220.29547240999844,456.71867630875664,314.31842477597854,444.04142430435485,409.230712890625,440.202880859375,503.1811218261719,432.656494140625,809.2380981445312,436.53436279296875,911.2057066498978,446.1542996384218,997.8335953466437,451.43648797358924,1102.4209243829587,474.6781166483259,1210.1775664203742,493.69399465492864,440.6246643066406,59.03660583496094,471.39727783203125,109.20747375488281,496.1517639160156,152.54031372070312,518.3424072265625,202.2031707763672,443.4410400390625,185.3495635986328,411.76593017578125,129.0751495361328,862.0568237304688,56.931907653808594,833.6915893554688,101.62509155273438,808.8883666992188,145.49330139160156,781.60498046875,194.360107421875,856.2979736328125,176.0528106689453,882.6927490234375,128.67213439941406,649.8900146484375,124.6663589477539,650.5823364257812,278.7087707519531,652.6986083984375,424.4209899902344,657.030517578125,626.9744262695312
labeled-data\6400rat\img3342.png,118.8774563747838,580.3218833516745,226.63409841219934,541.2336896714355,316.4313001100455,509.5405596604309,406.2285018078918,477.8474296494264,504.9579772949219,453.4284973144531,803.4490646124823,449.32361263952225,912.2621443169314,484.18605565162727,1004.1722213488445,520.1049363307658,1091.8565477126238,559.1931300110048,1167.9200597390347,592.9991353560763,440.5321960449219,59.63634490966797,470.9628601074219,107.76599884033203,495.56903076171875,151.95115661621094,518.7742309570312,203.064208984375,444.0154113769531,185.76828002929688,411.1001892089844,128.44467163085938,861.4659423828125,56.54299545288086,834.1692504882812,101.04502868652344,809.5365600585938,145.357666015625,781.8101806640625,195.21646118164062,857.394287109375,176.24925231933594,884.1695556640625,127.33602905273438,649.7232055664062,126.73258972167969,650.94287109375,279.6289978027344,652.7439575195312,426.2200927734375,660.097900390625,633.74560546875
labeled-data\6400rat\img3370.png,111.48239270554942,556.0238170099043,229.8034114132998,516.9356233296653,332.2778651155478,486.29893098569426,416.7928784782267,458.8315516428236,507.6465178431064,430.3077346329195,803.9019775390625,450.6567077636719,895.3591416443955,501.08905832416303,998.8900330136771,547.5723156736365,1088.6872347115234,595.1120106901433,1174.2586857412357,647.9338940418176,440.2441101074219,76.59856414794922,462.8932189941406,110.66442108154297,486.0418701171875,151.7074432373047,512.2374267578125,193.87350463867188,451.521728515625,179.835693359375,424.4708251953125,131.28646850585938,865.8417358398438,76.63053894042969,843.2142944335938,111.1947021484375,821.1356811523438,142.9535675048828,787.5117797851562,185.94619750976562,844.6501336267884,172.53694387674898,870.004637635592,134.50518786354348,645.3707885742188,125.00119018554688,650.6187133789062,262.3377380371094,652.1607055664062,405.1315002441406,655.9696655273438,605.0919189453125
labeled-data\6400rat\img3493.png,185.43302939789342,693.3607137242575,271.0044804276057,628.9180160352148,349.18086778808356,568.7010690143061,431.5830058166955,511.6534349944979,508.7029555101399,464.11373997799103,806.6183776135829,452.49292564062273,900.6413299795629,490.52468165382817,987.2692186763088,531.7257506681342,1072.8406697060211,571.8703820154066,1155.242807734633,617.2972016978465,442.1473824870303,65.83673950636694,467.501886495834,109.1506838547399,492.8563905046376,153.52106587014623,520.3237698475083,198.94788555258617,443.2038201540638,183.1013205470839,415.73644081119323,127.11012419430915,865.778886967458,60.55455117119959,838.3115076245874,103.86849551957243,805.5619399465493,145.0695645338784,786.5460619399465,189.43994654928474,856.2709479641567,173.59338154378247,883.7383273070272,124.99724886024217,654.4913535607609,127.11012419430915,654.4913535607609,280.2935859141645,654.4913535607609,431.364172299953,655.5477912277944,621.5229523659805
labeled-data\6400rat\img3632.png,104.08732903631503,436.6463606351204,210.78753340669707,427.1384216318191,310.0926741078447,420.79979562961813,406.2285018078918,419.74335796258464,500.0304870605469,423.2287292480469,807.7667846679688,423.546875,917.2852783203125,423.92303466796875,1007.4644775390625,429.8572692871094,1091.23779296875,442.9025573730469,1188.376708984375,459.4296569824219,438.2651672363281,61.03879928588867,466.73980712890625,105.55569458007812,492.5010681152344,150.48802185058594,515.1044311523438,198.58990478515625,442.2872314453125,183.40878295898438,411.1774597167969,125.80037689208984,864.1712036132812,59.077693939208984,835.0021362304688,102.83733367919922,808.6588134765625,145.41978454589844,782.8094482421875,191.0678253173828,855.2145102971231,175.70625687784946,882.6818896399936,127.11012419430915,650.4093627929688,123.5091323852539,650.0977172851562,274.1046142578125,652.7385864257812,417.1231384277344,658.52099609375,621.4995727539062
labeled-data\6400rat\img3713.png,78.73282502751138,481.01674265052685,182.26371639679294,465.1701776450245,279.45598176387364,441.92854897028786,382.9868731331552,431.364172299953,502.36432950793903,423.9691086307186,808.7312529476499,438.7592359691874,906.9799559817639,458.8315516428236,1017.90591102028,490.52468165382817,1115.0981763873606,522.2178116648328,1205.9518157522402,553.9109416758373,439.2578430175781,65.38117218017578,464.4310302734375,108.46571350097656,488.5448913574219,151.73191833496094,513.6195678710938,194.3253936767578,448.17388916015625,182.5196533203125,421.9422912597656,132.11138916015625,865.479248046875,72.0529556274414,839.8314208984375,110.20537567138672,817.2670288085938,144.664794921875,784.9093627929688,186.85488891601562,848.8758842949221,173.59338154378247,876.3432636377929,132.3923125294766,648.594482421875,122.81341552734375,649.5055541992188,268.9089050292969,652.2044067382812,405.7380065917969,654.7984008789062,596.8806762695312
labeled-data\6400rat\img3832.png,153.73989938688882,644.7645810407171,231.91628674736674,600.3941990253107,313.26198710894516,562.3624430121052,406.2285018078918,509.5405596604309,505.82598876953125,456.5225830078125,816.1263166168842,419.74335796258464,914.3750196509984,426.0819839647856,1011.567285018079,436.6463606351204,1096.0822983807577,442.98498663732136,1181.65374941047,464.11373997799103,439.2407531738281,61.56747055053711,465.6619567871094,105.30953216552734,492.31585693359375,149.13377380371094,516.1135864257812,197.90573120117188,442.79290771484375,184.36380004882812,413.70648193359375,127.55876159667969,865.8187866210938,60.89381790161133,839.6973266601562,105.3421401977539,815.5131225585938,144.37100219726562,784.6442260742188,191.33633422851562,855.375244140625,173.9495849609375,881.4832763671875,129.5963592529297,648.6453857421875,121.00540161132812,650.8418579101562,265.7801208496094,654.1972045898438,405.3482971191406,657.0110473632812,602.8974609375
labeled-data\6400rat\img3841.png,78.73282502751138,367.97791227794386,179.09440339569247,371.14722527904433,280.51241943090713,381.7116019493792,385.09974846722207,389.1066656186136,496.0257035057381,411.29185662631676,814.0134412828172,404.95323062411586,917.5443326520988,383.82447728344613,1017.90591102028,372.2036629460778,1132.0011790598962,363.75216160980995,1229.193444426977,362.69572394277645,439.87774658203125,60.65849304199219,464.704345703125,103.25762939453125,491.25,149.32398986816406,514.3236083984375,197.8787384033203,442.9989929199219,182.55917358398438,413.5365295410156,128.10577392578125,864.915771484375,60.31830596923828,838.098876953125,105.3426284790039,814.140380859375,144.16943359375,784.1929321289062,189.9535369873047,854.1580726300897,173.59338154378247,881.6254519729603,129.22299952837614,648.3394775390625,120.61150360107422,648.2794799804688,261.3291931152344,653.6738891601562,402.6852722167969,657.2190551757812,601.4597778320312
labeled-data\6400rat\img3934.png,92.46651469894667,548.6287533406698,203.39246973746268,514.8227479955983,312.20554944191167,478.90386731645987,409.3978148089923,455.66223864172315,504.477204842006,434.5334853010535,809.7876906146832,429.251296965886,924.9393963213331,438.7592359691874,1027.4138500235813,456.71867630875664,1123.5496777236285,474.6781166483259,1209.1211287533408,495.80686998899563,441.0909448199968,62.66742650526646,469.614761829901,103.86849551957243,493.9128281716711,147.1824398679454,516.0980191793743,200.00432321961966,444.2602578210973,183.1013205470839,413.62356547712625,124.99724886024217,865.778886967458,60.55455117119959,838.3115076245874,109.1506838547399,817.1827542839176,148.23887753497888,783.3767489388462,196.8350102185192,856.2709479641567,176.76269454488295,883.7383273070272,130.27943719540963,651.3220405596604,115.48930985694085,650.2656028926269,261.27770790756176,654.4913535607609,410.23541895928327,658.7171042288949,609.9021380286121
labeled-data\6400rat\img4066.png,136.83689671435306,609.9021380286121,231.91628674736674,557.0802546769378,323.82636377928,517.9920609966988,416.7928784782267,478.90386731645987,504.6598205566406,442.5444641113281,798.1668762773149,475.7345543153594,853.1016349630561,533.8386260022012,906.9799559817639,577.152570350574,958.7454016664046,638.4259550385161,1016.8494733532464,703.9250903945923,440.7042236328125,67.81468200683594,465.7038879394531,108.7983169555664,489.6011962890625,152.33851623535156,514.5017700195312,194.55078125,448.8926086425781,184.06736755371094,423.8041076660156,129.8435516357422,868.9042358398438,69.16974639892578,841.6220703125,109.58245849609375,817.9293212890625,146.7755889892578,787.159423828125,187.51754760742188,855.1349487304688,173.65643310546875,877.0712280273438,134.74786376953125,646.7865600585938,123.75665283203125,648.3185424804688,265.4947204589844,653.4511108398438,410.584716796875,656.7307739257812,604.0552368164062
labeled-data\6400rat\img4114.png,136.83689671435306,645.8210187077506,234.02916208143373,587.7169470209088,329.10855211444743,540.177252004402,421.0186291463606,490.52468165382817,509.75939317717337,449.32361263952225,806.6183776135829,445.09786197138834,899.5848923125295,475.7345543153594,1006.2850966829114,517.9920609966988,1096.0822983807577,556.0238170099043,1185.879500078604,597.2248860242103,443.2038201540638,63.723864172299955,467.501886495834,109.1506838547399,492.8563905046376,152.46462820311274,515.0415815123408,196.8350102185192,447.4295708221978,185.21419588115089,421.0186291463606,129.22299952837614,867.891762301525,64.78030183933345,840.4243829586544,109.1506838547399,819.2956296179846,147.1824398679454,786.5460619399465,190.49638421631823,862.6095739663576,172.53694387674898,879.5125766388933,129.22299952837614,646.039852224493,122.88437352617518,649.2091652255934,263.39058324162875,653.4349158937274,411.29185662631676,656.6042288948279,608.8457003615786
labeled-data\6400rat\img4133.png,97.74870303411413,557.0802546769378,194.9409684011948,515.8791856626319,303.75404810564373,483.1296179845938,399.88987580569096,457.77511397579013,503.9746398925781,439.3931884765625,806.6183776135829,456.71867630875664,896.4155793114292,510.5969973274644,977.7612796730075,566.5881936802391,1055.9376670334852,617.2972016978465,1127.7754283917623,675.4012733846882,441.4684143066406,63.305145263671875,465.8272399902344,107.50008392333984,491.6711730957031,149.89498901367188,515.2713012695312,196.25018310546875,445.14117431640625,183.44097900390625,419.8019714355469,126.9320068359375,867.2125854492188,64.52991485595703,839.0640869140625,109.20165252685547,816.5392456054688,146.75547790527344,785.5851440429688,190.33497619628906,859.5428466796875,172.885498046875,879.0211181640625,131.8267059326172,648.611328125,122.179931640625,648.5167236328125,263.4292907714844,653.385498046875,412.44622802734375,656.1036376953125,609.3889770507812
labeled-data\6400rat\img4195.png,150.5705863857884,653.216082376985,241.4242257506681,595.1120106901433,326.99567678038045,545.4594403395695,416.7928784782267,495.80686998899563,510.81583084420686,451.43648797358924,807.6748152806163,457.77511397579013,904.8670806476969,502.1454959911965,990.4385316774092,550.7416286747368,1069.6713567049208,599.3377613582772,1157.3556830687,656.3853953780854,442.1473824870303,60.55455117119959,467.501886495834,103.86849551957243,494.9692658387046,148.23887753497888,517.1544568464078,196.8350102185192,438.97806948592984,175.70625687784946,416.7928784782267,117.60218519100772,870.004637635592,61.610988838233084,840.4243829586544,104.92493318660593,819.2956296179846,142.95668919981142,787.60249960698,189.43994654928474,857.32738563119,172.53694387674898,883.7383273070272,128.16656186134264,651.3220405596604,122.88437352617518,647.0962898915265,265.50345857569573,657.6606665618614,410.23541895928327,660.8299795629619,605.6763873604781
labeled-data\6400rat\img4307.png,101.97445370224804,548.6287533406698,207.6182204055966,510.5969973274644,307.9797987737777,476.7909919823929,410.4542524760258,448.26717497248876,502.36432950793903,435.58992296808697,807.6748152806163,439.8156736362209,914.3750196509984,464.11373997799103,1023.1880993554473,493.69399465492864,1108.7595503851596,524.3306869988998,1196.443876748939,559.1931300110048,445.3166954881308,61.610988838233084,471.72763716396787,104.92493318660593,492.8563905046376,147.1824398679454,518.2108945134413,200.00432321961966,447.4295708221978,183.1013205470839,416.7928784782267,131.33587486244312,870.004637635592,63.723864172299955,842.5372582927214,109.1506838547399,820.3520672850182,146.1260022009119,787.60249960698,192.60925955038522,859.440260965257,174.64981921081596,883.7383273070272,134.50518786354348,655.5477912277944,123.94081119320867,650.2656028926269,269.7292092438297,652.3784782266939,415.5176072944507,660.8299795629619,618.35363936488
labeled-data\6400rat\img4480.png,97.74870303411413,642.6517057066501,183.32015406382644,590.8862600220093,293.1896714353089,534.8950636692346,395.664125137557,484.18605565162727,508.7029555101399,442.98498663732136,815.0698789498506,451.43648797358924,893.2462663103286,498.9761829900961,975.6484043389405,535.951501336268,1053.8247916994185,578.2090080176075,1134.1140543939632,619.4100770319135,442.6129150390625,64.42387390136719,469.6336669921875,108.76836395263672,493.2848205566406,149.6832733154297,518.209228515625,196.48583984375,450.828369140625,185.51344299316406,422.0576171875,132.1099853515625,869.7012329101562,66.55142211914062,843.8353271484375,108.53759765625,819.534912109375,145.821533203125,787.915771484375,188.61956787109375,859.6848754882812,173.93629455566406,880.1085205078125,133.68508911132812,652.1766357421875,126.20355224609375,650.2140502929688,269.65203857421875,652.455810546875,414.4656066894531,656.4288940429688,607.3402099609375
labeled-data\6400rat\img4498.png,84.01501336267879,477.8474296494264,193.8845307341613,456.71867630875664,300.58473510454326,438.7592359691874,406.2285018078918,431.364172299953,506.5900801760729,423.9691086307186,812.9570036157836,438.7592359691874,909.0928313158308,455.66223864172315,1013.680160352146,476.7909919823929,1108.7595503851596,506.3712466593305,1199.6131897500393,531.7257506681342,443.2038201540638,66.89317717340043,471.72763716396787,112.31999685584037,493.9128281716711,148.23887753497888,521.3802075145418,198.94788555258617,455.8810721584656,187.32707121521787,422.0750668133941,135.56162553057698,871.0610753026253,67.94961484043392,842.5372582927214,112.31999685584037,817.1827542839176,150.35175286904587,791.828250275114,187.32707121521787,863.666011633391,174.64981921081596,882.6818896399936,136.61806319761047,650.2656028926269,123.94081119320867,652.3784782266939,267.6163339097627,650.2656028926269,408.12254362521634,659.7735418959284,606.7328250275116
labeled-data\6400rat\img4532.png,66.05557302310953,524.3306869988998,175.92509039459205,497.9197453230626,282.6252947649741,473.6216789812924,396.7205628045905,449.32361263952225,504.7095947265625,433.4698486328125,806.614013671875,444.8291015625,904.4467163085938,475.6015319824219,1008.3206176757812,513.216552734375,1102.9150390625,553.6182861328125,1227.6451416015625,608.6334228515625,443.2857971191406,62.93069839477539,468.8834533691406,108.59535217285156,492.30047607421875,149.08375549316406,517.3736572265625,197.21067810058594,447.4244689941406,183.632080078125,420.4484558105469,129.481689453125,869.7401733398438,65.80128479003906,840.5687255859375,109.4755630493164,817.9462890625,148.138916015625,788.0881958007812,189.58538818359375,860.2962036132812,174.74813842773438,880.3544311523438,135.365966796875,652.0113525390625,125.7530517578125,650.0134887695312,267.2187805175781,651.7796630859375,415.13470458984375,656.0628662109375,607.8086547851562
labeled-data\6400rat\img4756.png,68.16844835717652,469.3959283131585,170.64290205942459,454.60580097468966,279.45598176387364,438.7592359691874,381.9304354661217,423.9691086307186,504.477204842006,419.74335796258464,811.9005659487502,429.251296965886,912.2621443169314,459.8879893098571,1022.1316616884137,491.58111932086166,1123.5496777236285,527.5000000000002,1203.8389404181733,557.0802546769378,445.6041564941406,76.48575592041016,466.0740966796875,108.32701873779297,485.8124084472656,150.5541534423828,512.8956909179688,189.67501831054688,455.67034912109375,176.72598266601562,427.70867919921875,127.9147720336914,873.2996215820312,77.6839599609375,856.7843627929688,107.87106323242188,827.88232421875,139.27569580078125,793.8873901367188,183.05136108398438,855.0116577148438,166.48419189453125,882.2919921875,134.16786193847656,653.1578979492188,118.7049789428711,649.468994140625,261.1108703613281,658.5872192382812,392.9913635253906,656.5711669921875,595.311279296875
labeled-data\6400rat\img4846.png,100.91801603521455,486.29893098569426,197.05384373526172,467.2830529790915,291.07679610124194,450.38005030655575,403.0591888067913,438.7592359691874,507.6465178431064,426.0819839647856,809.7876906146832,460.9444269768906,896.4155793114292,517.9920609966988,975.6484043389405,573.9832573494735,1047.4861656972175,625.7487030341143,1123.5496777236285,681.7398993868891,445.3166954881308,64.78030183933345,474.89695016506835,109.1506838547399,496.0257035057381,149.29531520201238,521.3802075145418,197.89144788555268,451.65532149033174,183.1013205470839,424.18794214746106,137.67450086464396,872.117512969659,65.83673950636694,847.8194466278887,109.1506838547399,821.4085049520515,146.1260022009119,790.7718126080805,187.32707121521787,860.4966986322906,177.81913221191644,883.7383273070272,136.61806319761047,652.3784782266939,127.11012419430915,652.3784782266939,275.01139757899716,654.4913535607609,425.0255462977521,657.6606665618614,609.9021380286121
labeled-data\6400rat\img4900.png,89.29720169784625,637.3695173714827,198.11028140229521,579.265445684641,298.47185977047627,526.4435623329667,397.777000471624,486.29893098569426,506.5900801760729,448.26717497248876,819.2956296179846,428.1948592988525,920.7136456531991,434.5334853010535,1024.2445370224807,447.21073730545527,1130.9447413928629,466.226615312058,1228.1370067599435,487.35536865272775,444.5967102050781,62.29845428466797,470.7505187988281,106.59394836425781,493.9515380859375,148.59112548828125,519.6090698242188,195.95127868652344,450.1227111816406,183.93161010742188,421.1044921875,132.57432556152344,871.2169799804688,63.41141891479492,845.551513671875,104.7015609741211,818.98046875,143.43519592285156,788.234375,188.6155548095703,857.32738563119,176.76269454488295,887.9640779751612,128.16656186134264,653.2052612304688,124.80125427246094,652.4840087890625,267.02398681640625,654.6048583984375,407.78411865234375,656.6513061523438,601.1205444335938
labeled-data\6400rat\img4921.png,74.50707435937741,469.3959283131585,190.71521773306083,452.49292564062273,293.1896714353089,435.58992296808697,399.88987580569096,428.1948592988525,504.477204842006,420.79979562961813,805.5619399465493,473.6216789812924,859.440260965257,531.7257506681342,922.8265209872661,591.9426976890428,980.9305926741079,654.2725200440185,1029.5267253576483,710.2637163967931,443.8083801269531,62.52595901489258,469.55096435546875,105.55623626708984,495.18243408203125,148.4635467529297,517.349853515625,195.7923126220703,448.1314392089844,182.09213256835938,420.0173645019531,128.31585693359375,870.7742309570312,61.62248992919922,843.9956665039062,106.15796661376953,819.2573852539062,144.0449981689453,789.4893798828125,188.28550720214844,859.6571044921875,173.755615234375,883.2350463867188,132.8517608642578,652.89794921875,124.7368392944336,652.6143798828125,268.43310546875,658.303466796875,410.5998229980469,658.56689453125,596.1815185546875
